loteria,texto_destaque,subtitulo,cor_fundo,cor_borda,cor_texto,valor,unidade,status,data_sorteio,link
Lotofacil,26/08,ACUMULADA 2.0 Milhões,#930089,#00E38C,#FFFFFF,2.0,Milhões,Proximo Sorteio,26/08,/lotofacil
Lotofacil Independência,15/09,300 Milhões,#930089,#00E38C,#FFFFFF,300,Milhões,Proximo Sorteio,15/09,/lotofacil-independencia
Lotomania,26/08,750 Mil,#FF8C00,#FF8C00,#FFFFFF,750,Mil,Proximo Sorteio,26/08,/lotomania
Quina,26/08,ACUMULADA 2.6 milhões,#008B8B,#00E38C,#FFFFFF,2.6,Milhões,Proximo Sorteio,26/08,/quina
Super Sete,26/08,ACUMULADA 6.3 Milhões,#32CD32,#32CD32,#FFFFFF,6.3,Milhões,Proximo Sorteio,26/08,/super-sete
Mega-Sena,27/08,ACUMULADA 25 Milhões,#9ACD32,#00E38C,#FFFFFF,25,Milhões,Proximo Sorteio,27/08,/megasena
Dupla Sena,26/08,ACUMULADA 2.2 milhões,#FF6B6B,#FF6B6B,#FFFFFF,2.2,Milhões,Proximo Sorteio,27/08,/dupla-sena
Loteria Federal,Quartas e Domingos,1.5 Milhões,#4169E1,#4169E1,#FFFFFF,1.5,Milhões,Proximo Sorteio,26-30/08,/loteria-federal
Loteca,FINAL SEMANA,1.2 Milhões,#FF69B4,#FF69B4,#FFFFFF,1.2,Milhões,Final de Semana,29-30/08,/loteca
Timemania,27/08,ACUMULADA 10.4 Milhões,#FFD700,#FFD700,#FFFFFF,10.4,Milhões,Proximo Sorteio,27/08,/timemania
Dia de Sorte,26/08,ACUMULADA 1.3 Milhões,#DAA520,#DAA520,#FFFFFF,1.3,Milhões,Proximo Sorteio,26/08,/dia-de-sorte
Milionaria,26/08,ACUMULADA 87 Milhões,#3B82F6,#00E38C,#FFFFFF,87.0,Milhões,Proximo Sorteio,26/08,/milionaria
